name,domain,website,contact_email,jurisdiction
01Advertising Inc.,01advertising.com,https://www.01advertising.com,privacy@01advertising.com,CA
33 Mile Radius LLC,33mileradius.com,www.33mileradius.com,operations@ignitevisibility.com,CA
"33Across, Inc.",33across.com,www.33across.com,privacy@33across.com,CA
"5x5 US, LLC",5x5data.com,https://5x5data.com,contact@join5x5.com,CA
"6sense Insights, Inc.",6sense.com,https://6sense.com,privacy@6sense.com,CA
"Accudata Integrated Marketing, LLC",acculeads.com,https://www.acculeads.com; https://deepsync.com,legal@deepsync.com,CA
Accurate Append Inc.,accurateappend.com,www.accurateappend.com,shawn@accurateappend.com,CA
"ACH, Address Clearing House",achcoop.com,achcoop.com,privacy@achcoop.com,CA
Acronymix LLC,acronymix.com,acronymix.com,privacy@acronymix.com,CA
Acxiom LLC,acxiom.com,www.acxiom.com,askprivacy@acxiom.com,CA
"AdeptID, Inc.",adept-id.com,www.adept-id.com,privacy@adept-id.com,CA
adsquare GmbH,adsquare.com,www.adsquare.com,privacy@adsquare.com,CA
Adstra LLC,adstradata.com,www.adstradata.com,privacy.officer@adstradata.com,CA
"AdsWizz, Inc.",adswizz.com,www.adswizz.com,privacy@adswizz.com,CA
Affinity Answers Corporation,affinityanswers.com,affinityanswers.com,dataprivacy@affinityanswers.com,CA
Affinity Solutions Inc.,affinity.solutions,https://www.affinity.solutions,privacy@affinitysolutions.com,CA
AggKnowledge Inc.,aggknowledge.ai,aggknowledge.ai,privacy@aggknowledge.ai,CA
"Agile Education Marketing, LLC",agile-ed.com,agile-ed.com,personal_data_opt_out@agile-ed.com,CA
AGR Marketing Solutions LLC,agrmarketingsolutions.com,www.agrmarketingsolutions.com,stephen@agrmarketingsolutions.com,CA
"Aidentified, Inc.",aidentified.com,https://www.aidentified.com,privacy@aidentified.com,CA
Airlines Reporting Corporation,arccorp.com,arccorp.com,legalteam@arccorp.com,CA
Alliant Cooperative Data Solutions LLC,alliantinsight.com,alliantinsight.com,compliance@alliantdata.com,CA
Alphonso Inc.,alphonso.tv,https://alphonso.tv,tom.cushing@lgads.tv,CA
"Altair Data Resources, Inc",altairdata.com,https://www.altairdata.com,dpelland@altairci.com,CA
"Altrata, Inc.",altrata.com,www.altrata.com,legal@altrata.com,CA
AnalyticsIQ Inc,analytics-iq.com,analytics-iq.com,privacy@analyticsiq.com,CA
Anchor Computer Inc.,anchorcomputer.com,http://www.anchorcomputer.com,hkhan@anchorcomputer.com,CA
"App Science, Inc",appscience.ai,https://www.appscience.ai,privacy@appscience.inc,CA
AppLovin Corporation,applovin.com,www.applovin.com,datarequests@applovin.com,CA
"Aristotle International, Inc.",aristotle.com,www.aristotle.com,dpo@aristotle.com,CA
ASL Marketing,deepsync.com,https://deepsync.com,legal@deepsync.com,CA
"Asset International, Inc.",issmarketintelligence.com,https://www.issmarketintelligence.com,dataprotectionofficer@iss-stoxx.com,CA
"AtData, LLC",atdata.com,https://atdata.com,privacy_support@atdata.com,CA
Attribits,attribits.com,attribits.com,compliance@allgoodmediagroup.com,CA
"Austin Consolidated Holdings, Inc.",equifax.com,https://www.equifax.com,usprivacy@equifax.com,CA
"Autodata Solutions, Inc.",jdpower.com,https://www.jdpower.com,jdpowerprivacy@jdpa.com,CA
"AutoWeb, Inc.",autoweb.com,www.autoweb.com,AutoLegal@autoweb.com,CA
"AWL Holdings, LLC",allwebleads.com,allwebleads.com; insurancequotes.com; Usinsuranceonline.com; affordable-home-insurance.org; discount-car-insurance-rates.com; general-liability-insurance-rates.com; affordable-health-insurance-plans.org; affordable-life-insurance-rates.org,onlineops@awl.com,CA
Azerion US Inc.,azerion.com,https://azerion.com,dpo_hybridtheory@azerion.com,CA
"Babel Street, Inc.",babelstreet.com,https://www.babelstreet.com,privacy@babelstreet.com,CA
"Baron App, Inc.",candl.app,candl.app; cameo.com,safety@cameo.com,CA
"BDEX, LLC",bdex.com,www.bdex.com,privacy@bdex.com,CA
"BDO GCI, LLC",bdo.com,https://www.bdo.com,privacy@bdo-gci.com,CA
"BECAUSAL, INC.",becausal.com,https://www.becausal.com,privacy@becausal.com,CA
"BeenVerified, LLC and its subsidiaries and affiliates",beenverified.com,https://www.beenverified.com; https://www.peoplelooker.com; https://www.numberguru.com; https://www.ownerly.com; https://www.neighborwho.com; https://www.peoplesmart.com; https://www.bumper.com; https://www.freephonetracer.com; https://www.emailfinder.com; https://www.moneybot5000.com; https://www.reversephone.com; https://www.wingmate.com; https://www.famfinder.com,privacy@ltvco.com,CA
Beeswax,beeswax.com,https://www.beeswax.com,privacy@beeswax.com,CA
"Belardi Ostroy, ALC, LLC",belardiwong.com,belardiwong.com,privacy.officer@belardiwong.com,CA
"Best Pick Reports, LLC",bestpickreports.com,www.bestpickreports.com,operations@ignitevisibility.com,CA
Biscred,biscred.com,biscred.com,privacy@biscred.com,CA
Black Pearl Group Limited,blackpearl.com,https://blackpearl.com,richard.doone@blackpearl.com,CA
"Blackbaud, Inc",blackbaud.com,https://www.blackbaud.com,privacy@blackbaud.com,CA
Blis Global Ltd,blis.com,https://www.blis.com,privacy@blis.com,CA
Blue Action Inc.,blueaction.io,blueaction.io,info@blueaction.io,CA
Blueprint Audiences,blueprintaudiences.com,https://blueprintaudiences.com,privacy@blueprintaudiences.com,CA
"Bombora, Inc.",bombora.com,www.Bombora.com,legal@bombora.com,CA
"Bridg, a division of Cardlytics, Inc.",bridg.com,www.bridg.com,legalnotices@cardlytics.com,CA
"Brooks Integrated Marketing, LLC",brooksim.com,www.brooksim.com,privacy@brooksim.com,CA
"Buildertrend Solutions, Inc.",buildertrend.com,https://buildertrend.com; https://toolbeltdata.com,legal@buildertrend.com,CA
Bushwick Growbots LLC,growbots.com,growbots.com,operations@growbots.com,CA
"Buxton Company, LLC",buxtonco.com,www.buxtonco.com,consumerprivacy@buxtonco.com,CA
Buyerlink Inc.,buyerlink.co,www.buyerlink.co,legal@buyerlink.com,CA
BV Insights LLC,big-village.com,www.big-village.com,jp.sardi@brightmountainmedia.com,CA
Cadent LLC,cadent.tv,www.cadent.tv,privacy@Cadent.tv,CA
Captify Technologies,captifytechnologies.com,captifytechnologies.com,legal-captify@verve.com,CA
Captiv8 Inc.,captiv8.io,captiv8.io,privacy@captiv8.io,CA
Catalist LLC,catalist.us,http://catalist.us,privacy@catalist.us,CA
"CHECKPEOPLE, LLC",checkpeople.com,checkpeople.com,compliance@checkpeople.com,CA
Choreograph LLC,choreograph.com,https://www.choreograph.com,datagovernance@choreograph.com,CA
"Circana, LLC",circana.com,https://www.circana.com,privacy@circana.com,CA
"Civis Analytics, Inc.",civisanalytics.com,www.civisanalytics.com,dataprotectionmail@civisanalytics.com,CA
"Clay Labs, Inc.",clay.com,clay.com,privacy@clay.com,CA
"Clearview AI, Inc.",clearview.ai,https://www.clearview.ai,privacy-requests@clearview.ai,CA
"Coast Technology, LLC",coasttechnology.com,www.coasttechnology.com,info@dealershiptoolkit.com,CA
"Collective Data Solutions, LLC",collectivedata.io,collectivedata.io,legal@collectivedata.io,CA
"Commerce Signals, Inc.",commercesignals.com,www.commercesignals.com,info@commercesignals.com,CA
"Complete Medical Lists, Inc.",completemedicallists.com,completemedicallists.com,tburnell@completemedicallists.com,CA
Connatix Native Exchange Inc.,jwx.com,www.jwx.com,privacy@connatix.com,CA
"Connected Investors, LLC",connectedinvestors.com,www.connectedinvestors.com,dataprivacy@connectedinvestors.com,CA
ContactOut Limited,contactout.com,https://contactout.com,albert@contactout.io,CA
Converge Marketing LLC,convergemarketing.com,https://www.convergemarketing.com,privacy@convergemarketing.com,CA
Convex Labs LLC,convex.com,www.convex.com,support@convexlabs.io,CA
"CoStar Realty Information, Inc.",costar.com,www.costar.com,globalprivacyinbox@costar.com,CA
"Cox Automotive, Inc.",coxautoinc.com,www.coxautoinc.com; www.autotrader.com; www.fordblueadvantage.com; www.kbb.com,consumer-privacy-ops@coxautoinc.com,CA
Crisil Irvena US LLC,greenwich.com,www.greenwich.com,Privacy1@Crisil.com,CA
Criteo Corp.,criteo.com,https://www.criteo.com,dpo@criteo.com,CA
"Cross Pixel Media, Inc.",crosspixel.net,crosspixel.net,privacy@rbarrel.com,CA
CTAM LeadShare Corp.,smartmove.us,www.smartmove.us,compliance@ctam.com,CA
"Cuebiq Group, LLC",cuebiq.com,www.cuebiq.com,legal@cuebiq.com,CA
Cybba Inc.,cybba.com,https://cybba.com,privacy@cybba.com,CA
"DataDelivers, LLC",datadelivers.com,datadelivers.com,privacy@datadelivers.com,CA
"Datafy, LLC",datafy.com,https://datafy.com,opt-out@datafy.com,CA
"Dataline, Inc.",datalinedata.com,www.datalinedata.com,privacy.officer@datalinedata.com,CA
"Datalink Services, Inc",transunion.com,www.transunion.com,privacy@transunion.com,CA
Datonics LLC,datonics.com,https://www.datonics.com,accounting@datonics.com,CA
"DealerSocket, LLC (US)",dealersocket.com,www.dealersocket.com,Privacy@Solera.com,CA
DealerX Partners LLC,dealerx.com,https://www.dealerx.com,privacy@dealerx.com,CA
Dealfront Finland Oy,leadfeeder.com,https://www.leadfeeder.com,dpo@leadfeeder.com,CA
Dealfront Group GmbH,leadfeeder.com,https://www.leadfeeder.com,legal@dealfront.com,CA
"Deep Root Analytics, LLC",deeprootanalytics.com,deeprootanalytics.com,notice@deeprootanalytics.com,CA
Deloitte Consulting LLP,deloitte.com,www.deloitte.com; https://healthprism.ai; https://peopleprism.ai; https://giveprism.ai,usprivacyquestions@deloitte.com,CA
Deloitte Financial Advisory Services LLP,deloitte.com,www.deloitte.com,usprivacyquestions@deloitte.com,CA
"Demandbase, Inc.",demandbase.com,www.demandbase.com,privacy@demandbase.com,CA
"Digital Media Solutions, LLC",digitalmediasolutions.com,digitalmediasolutions.com,ComplianceDept@dmsgroup.com,CA
Disco Technology Inc,disconetwork.com,www.disconetwork.com,privacy@disconetwork.com,CA
"DR Decision Resources, LLC",clarivate.com,https://clarivate.com,drgdsr@clarivate.com,CA
"Draup, Inc.",draup.com,https://www.draup.com,amareshr@draup.com,CA
"Drivers History Information Sales, LLC",transunion.com,www.transunion.com,privacy@transunion.com,CA
"DSPolitical, LLC",dspolitical.com,https://www.dspolitical.com,andy@mstreetlegal.com,CA
"Dstillery, Inc.",dstillery.com,dstillery.com,privacy@dstillery.com,CA
"DTN, LLC",dtn.com,www.dtn.com,legal@dtn.com,CA
"e.Republic, LLC",erepublic.com,erepublic.com; govtech.com; governing.com; marketing.governmentnavigator.com; insider.govtech.com,privacy@erepublic.com,CA
"EAB Global, Inc.",eab.com,www.eab.com,legal@eab.com,CA
"Edvisors Network, Inc.",edvisors.com,www.edvisors.com,customerservice@edvisors.com,CA
"El Toro.com, LLC",eltoro.com,www.eltoro.com,privacy@eltoro.com,CA
"Electronic Voice Services, Inc.",telephonelists.biz,https://www.telephonelists.biz,richard@evs7.com,CA
"eLocal USA, LLC",elocal.com,elocal.com,privacy@elocal.com,CA
"Enigma Technologies, Inc.",enigma.com,enigma.com,privacy@enigma.com,CA
"Epsilon Data Management, LLC",epsilon.com,www.epsilon.com,privacy@epsilon.com,CA
Equifax Information Services LLC,equifax.com,https://www.equifax.com,usprivacy@equifax.com,CA
Equifax Workforce Solutions LLC,theworknumber.com,www.theworknumber.com,usprivacy@equifax.com,CA
Evorra Ltd,evorra.com,www.evorra.com,privacy@evorra.com,CA
Exact Match Marketing Inc,exactmatchmarketing.com,exactmatchmarketing.com; app.exactmatchmarketing.com; exactmatch.io,datarequest@exactmatch.io,CA
"Experian Information Solutions, Inc",experian.com,https://www.experian.com,CA_DROP_FSD@experian.com,CA
"Experian Marketing Solutions, LLC",experian.com,https://www.experian.com,CA_DROP_EMS@experian.com,CA
Eyeota Pte Ltd,eyeota.com,https://www.eyeota.com,privacy@eyeota.com,CA
"Family Tree Now, LLC",familytreenow.com,familytreenow.com,privacy@familytreenow.com,CA
Famous Birthdays LLC,famousbirthdays.com,famousbirthdays.com; https://pro.famousbirthdays.com,privacy@famousbirthdays.com,CA
"Faraday, Inc.",faraday.ai,faraday.ai,ccpa@faraday.io,CA
"Fetch Rewards, LLC",fetch.com,https://fetch.com,c.brown@fetchrewards.com,CA
FI Navigator Corporation,fi-navigator.com,https://www.fi-navigator.com,privacy@fi-navigator.com,CA
"Fideo Intelligence, Inc.",fideo.ai,www.fideo.ai,dpo@fideo.ai,CA
"Findem, Inc.",findem.ai,www.findem.ai,privacy@findem.ai,CA
Fog Data science LLC,fogdatascience.com,https://www.fogdatascience.com,info@fogdatascience.com,CA
"Forager.ai, LLC",forager.ai,forager.ai,privacy@forager.ai,CA
Four Corner Media Corp,fourcornerhome.com,https://fourcornerhome.com; https://jacksgutters.com; https://bennetandsons.com,John@fourcornerhome.com,CA
Fourleaf LLC,fourleafdata.com,www.fourleafdata.com,privacy@fourleafdata.com,CA
"Foursquare Labs, Inc.",foursquare.com,https://foursquare.com,privacyteam@foursquare.com,CA
Fraiser LLC,fraiser.org,fraiser.org,privacy@fraiser.org,CA
"FREEPEOPLESEARCH.COM, LLC",freepeoplesearch.com,freepeoplesearch.com,compliance@freepeoplesearch.com,CA
FreeWheel Media Inc,freewheel.com,https://www.freewheel.com,legalnotices@freewheel.com,CA
"Fushia Media, LLC",fushiamedia.com,www.fushiamedia.com,lgold@fushiamedia.com,CA
General Motors LLC,gm.com,www.gm.com,privacy@gm.com,CA
"Giant Partners, Inc.",giantpartners.com,www.giantpartners.com; www.listgiant.com,nikki@giantpartners.com,CA
Global Source Data Solutions Inc,gsdsi.com,gsdsi.com,privacy@gsdsi.com,CA
Grassroots Analytics,grassrootsanalytics.com,https://www.grassrootsanalytics.com,operations@grassrootsanalytics.com,CA
GrayHair Software LLC,grayhairsoftware.com,https://grayhairsoftware.com,privacy@grayhairsoftware.com,CA
Graze Social PBC,graze.social,www.graze.social,devin@graze.social,CA
"Growing Libraries, LLC",growinglibraries.com,www.growinglibraries.com,ian@growinglibraries.com,CA
"GrowthCode, LLC",growthcode.io,www.growthcode.io,jonathon@growthcode.io,CA
"H1 Insights, Inc.",h1.co,www.h1.co,inquiries@h1.co,CA
"Health Union, LLC",health-union.com,health-union.com,privacy@health-union.com,CA
HealthWise Data,healthwisedata.com,https://www.healthwisedata.com,privacy@healthwisedata.com,CA
Helix Campaigns LLC,helixcampaigns.com,helixcampaigns.com,info@helixcampaigns.com,CA
"HubSpot, Inc.",hubspot.com,https://www.hubspot.com; https://clearbit.com,Privacy@hubspot.com,CA
"Hunter Web Services, Inc",hunter.io,hunter.io,matt@hunter.io,CA
"i360, LLC",i-360.com,https://www.i-360.com,privacy@i-360.com,CA
IDMAP Inc,idmap.ai,idmap.ai,michael.belsky@idmap.ai,CA
"iLeads.com, LLC",ileads.com,www.iLeads.com,remove@ileads.com,CA
Index Exchange Inc.,indexexchange.com,https://www.indexexchange.com,privacy@indexexchange.com,CA
Infomatics LLC,privatereports.com,privatereports.com; mugshotlook.com; publicsearcher.com,support@privatereports.com,CA
Informa Group Limited,informa.com,https://www.informa.com,groupdpo@informa.com,CA
"INFORMATION.COM, LLC",information.com,information.com,compliance@information.com,CA
"Inmar Brand Solutions, Inc.",inmar.com,inmar.com,privacy_office@inmar.com,CA
"Inmar-OIQ, LLC",inmar.com,www.inmar.com,databroker@inmar.com,CA
"Innovative Database Solutions, Inc.",idatabasesolutions.com,www.idatabasesolutions.com,justin@idatabasesolutions.com,CA
Insightbridge LLC,mylife.com,https://www.mylife.com,membersupport@mylife.com,CA
Institutional Shareholder Services Inc.,issgovernance.com,https://www.issgovernance.com,dataprotectionofficer@issgovernance.com,CA
Intent IQ LLC,intentiq.com,www.intentiq.com,privacy@intentiq.com,CA
"Intentsify, LLC",intentsify.io,https://www.intentsify.io,legal@intentsify.io,CA
"Interactive Data, LLC",ididata.com,https://www.ididata.com,statebasedprivacy@ididata.com,CA
iovation Inc.,transunion.com,www.transunion.com,privacy@transunion.com,CA
IQVIA Digital Inc.,iqviadigital.com,https://www.iqviadigital.com; https://www.iqvia.com,privacyofficer@iqvia.com,CA
"Irys, Inc",irys.us,irys.us,Privacy@irys.us,CA
"iSpot.tv, Inc.",ispot.tv,www.ispot.tv,privacy@ispot.tv,CA
IXI Corporation,equifax.com,equifax.com,usprivacy@equifax.com,CA
J.D. Power,jdpower.com,https://www.jdpower.com,jdpowerprivacy@jdpa.com,CA
"Juicebox App, Inc.",juicebox.ai,https://juicebox.ai,privacy@juicebox.work,CA
Kargo Global LLC,kargo.com,https://www.kargo.com,ccparequest@kargo.com,CA
Keyword Connects LLC,keywordconnects.com,keywordconnects.com,operations@ignitevisibility.com,CA
"Kind Skiptracing, Inc",kindskiptracing.com,https://kindskiptracing.com,compliance@kindskiptracing.com,CA
"Kloudend, Inc.",ipapi.co,ipapi.co,privacy@kloudend.com,CA
"Koddi, Inc",koddi.com,http://www.koddi.com,dataprivacy@koddi.com,CA
L.S Mobile Apps Holdings LTD,lsmapps.com,www.lsmapps.com,guy.hamawi@lsmapps.com,CA
"LeadIQ, Inc",leadiq.com,leadiq.com,privacy@leadiq.com,CA
LeadPost LLC,leadpost.com,https://leadpost.com,amanda@leadpost.com,CA
Leadspace Inc,leadspace.com,https://www.leadspace.com,compliance_privacy@leadspace.com,CA
"LearnMore, LLC",learnmore.com,learnmore.com,compliance@learnmore.com,CA
"Leidos Digital Solutions, Inc.",leidosiq.com,www.leidosiq.com,privacy@leidos.com,CA
LexisNexis Risk Solutions FL Inc.,lexisnexis.com,https://risk.lexisnexis.com,consumer.documents@lexisnexisrisk.com,CA
ListKit LLC,listkit.io,www.listkit.io,andre@listkit.io,CA
"Live Data Technologies, Inc.",livedatatechnologies.com,livedatatechnologies.com,remove@livedatatechnologies.com,CA
LiveIntent,liveintent.com,www.liveintent.com,privacy@zetaglobal.com,CA
"LiveRamp Holdings, Inc.",liveramp.com,www.liveramp.com,consumercare@liveramp.com,CA
"LizDev,Inc",lizdev.com,lizdev.com,privacyanddatacompliancereview@lizdev.com,CA
"Lob.com, Inc.",lob.com,lob.com,privacy.inbox@lob.com,CA
Lookify.io,lookify.io,https://lookify.io,support@lookify.io,CA
"M1 Data & Analytics, LLC",m1-data.com,m1-data.com,service@m1-data.com,CA
Magnite Inc,magnite.com,www.magnite.com,privacy@magnite.com,CA
Malvern Media Inc.,malvernmedia.com,www.malvernmedia.com,info@malvernmedia.com,CA
"Marketing Architects, Inc.",marketingarchitects.com,https://www.marketingarchitects.com,privacy@markarch.com,CA
MarketOps LLC,marketops.com,https://www.marketops.com,privacy@marketops.com,CA
"MarketShare Partners, LLC",transunion.com,www.transunion.com,ns_privacy@transunion.com,CA
"Marriott International, Inc.",marriott.com,marriott.com,privacy@marriott.com,CA
"Matchbook Data, LLC",matchbookdata.com,https://www.matchbookdata.com,privacy@matchbookdata.com,CA
"Media.net Advertising FZ, LLC",media.net,https://www.media.net,privacy@media.net,CA
MediaWallah Inc,mediawallah.com,www.mediawallah.com,privacy@mediawallah.com,CA
"Meltwater News US, Inc.",meltwater.com,www.meltwater.com,privacy@meltwater.com,CA
Merkle Inc.,merkle.com,Merkle.com,americas.dpo@dentsu.com,CA
Message Digital LLC,messagedigital.com,https://messagedigital.com,privacy@messagedigital.com,CA
"MH Sub I, LLC",internetbrands.com,www.internetbrands.com,privacy@internetbrands.com,CA
Moody's Corporation,moodys.com,www.moodys.com,Privacy@moodys.com,CA
"Narvar, Inc",narvar.com,https://corp.narvar.com,legal@narvar.com,CA
"National Opinion Institute, LLC",nationalopinioninstitute.com,https://nationalopinioninstitute.com,privacy@nationalopinioninstitute.com,CA
Neptune Ops LLC,neptuneops.com,https://www.neptuneops.com,miller@neptuneops.com,CA
"Neustar Information Services, Inc.",transunion.com,www.transunion.com,ns_privacy@transunion.com,CA
"NEUSTAR IP INTELLIGENCE, INC.",transunion.com,www.transunion.com,ns_privacy@transunion.com,CA
New Mexico Data Insights,newmexicodatainsights.com,newmexicodatainsights.com,privacy@eleris.com,CA
Nexxen Inc,nexxen.com,nexxen.com,compliance@nexxen.com,CA
Nordic Data Resources AS,nordicdataresources.com,www.nordicdataresources.com,privacy@nordicdataresources.com,CA
NumLookup LLC.,numlookup.com,https://www.numlookup.com,hello@numlookup.com,CA
Nuwber Inc,nuwber.com,nuwber.com,support@nuwber.com,CA
Ogury Ltd,ogury.com,https://ogury.com,legal@ogury.co,CA
ONAUDIENCE LTD,onaudience.com,www.onaudience.com,privacy@onaudience.com,CA
"OpenX Technologies, Inc.",openx.com,https://www.openx.com,privacy@openx.com,CA
"Outlogic, LLC",outlogic.io,outlogic.io,privacy@outlogic.io,CA
"PaeDae, Inc.",infillion.com,www.infillion.com,privacy@infillion.com,CA
People Data Labs,peopledatalabs.com,peopledatalabs.com,privacy@peopledatalabs.com,CA
"Peoplewhiz, Inc",peoplewhiz.com,https://www.peoplewhiz.com,cyrus@peoplewhiz.com,CA
"Pipl, Inc.",pipl.com,https://pipl.com,privacy@pipl.com,CA
PitchBook Data Inc,pitchbook.com,www.pitchbook.com,legal@pitchbook.com,CA
"Place Exchange, Inc.",placeexchange.com,https://www.placeexchange.com,privacy@placeexchange.com,CA
"PMG Worldwide, LLC",pmg.com,https://www.pmg.com,dataprivacy@pmg.com,CA
"PossibleNOW, Inc.",possiblenow.com,possiblenow.com,californiadrop@possiblenowmarketing.com,CA
"Postie, Inc",postie.com,https://postie.com,legal@postie.com,CA
"PostPilot, Inc.",postpilot.com,www.postpilot.com,operations@postpilot.com,CA
Preqin Ltd,preqin.com,www.preqin.com,preqin.dp@blackrock.com,CA
Private Records LLC,privaterecords.net,https://www.privaterecords.net; peoplesearch123.com; backgroundcheckers.net; personsearchers.com,support@privaterecords.net,CA
"PropertyRadar, Inc.",propertyradar.com,www.propertyradar.com,privacy@propertyradar.com,CA
ProspectBase UK Limited,prospectbase.com,www.prospectbase.com,privacy@prospectbase.com,CA
"PublicRecordCom, LLC",publicrecord.com,publicrecord.com,compliance@publicrecord.com,CA
Quadrant Global Pte. Ltd.,quadrant.io,https://www.quadrant.io,privacy@quadrant.io,CA
"Quorum Data, Inc",quorum.inc,www.quorum.inc; app.quorum.live,ezra@quorum.inc,CA
Rainbarrel USA LLC,knowertech.com,knowertech.com,privacy@rbarrel.com,CA
REAL INTENT INC,realintent.co,https://realintent.co,aaron@realintent.co,CA
Realeflow LLC,realeflow.com,www.realeflow.com; www.leadflow.com,privacy@realeflow.com,CA
"RealSource, Inc",realsourcedata.com,www.realsourcedata.com,privacy@realsourcedata.com,CA
RecruitBot,recruitbot.com,www.recruitbot.com,privacy@salesbot.io,CA
Redi-Data Inc,redidata.com,www.redidata.com,privacy@redidata.com,CA
"RelPro, Inc.",relpro.com,https://www.relpro.com,info@relpro.com,CA
"Remodeling.com, LLC",remodeling.com,www.remodeling.com,operations@ignitevisibility.com,CA
Resonate,resonate.com,www.resonate.com,techleads@resonate.com,CA
"Response America, Inc.",responseamerica.net,ResponseAmerica.net,ncoa@responseamerica.net,CA
"RevContent, LLC",revcontent.com,https://www.revcontent.com,privacy@revcontent.com,CA
"Reveal Mobile, Inc.",revealmobile.com,https://www.revealmobile.com,info@revealmobile.com,CA
"Revelio Labs, Inc.",reveliolabs.com,www.reveliolabs.com,hannah@reveliolabs.com,CA
"RevOptimal, LLC",revoptimal.com,revoptimal.com,privacy@revoptimal.com,CA
Rich Media LLC,richmediallc.com,www.richmediallc.com,jeff@richmediallc.com,CA
Ripple Effect Strategies,ripple-fx.com,ripple-fx.com; ripple-roi.com,dylan@ripple-fx.com,CA
RocketReach LLC,rocketreach.co,https://rocketreach.co,privacy@rocketreach.co,CA
Roq.ad Inc.,roq.ad,www.roq.ad,contact@roq.ad,CA
"Round Sky, Inc.",roundsky.com,www.roundsky.com,legal@roundsky.com,CA
"SalesIntel Research, Inc.",salesintel.io,www.salesintel.io,support@salesintel.io,CA
Salutary Data LLC.,salutarydata.com,https://salutarydata.com,privacy@salutarydata.com,CA
"Samba TV, Inc.",samba.tv,https://www.samba.tv,jagdip.sekhon@samba.tv,CA
"SBFE, LLC",sbfe.org,sbfe.org,info@sbfe.org,CA
SEMANTIQ INC,semantiqhealth.com,https://semantiqhealth.com,ops@semantiqhealth.com,CA
"Semcasting, Inc.",semcasting.com,www.semcasting.com,jgreer@semcasting.com,CA
"Share Local Media, Inc.",sharelocalmedia.com,https://www.sharelocalmedia.com,privacy-team@sharelocalmedia.com,CA
Sharethrough,sharethrough.com,https://www.sharethrough.com,dataprotection@sharethrough.com,CA
Similarweb Ltd.,similarweb.com,www.similarweb.com,legal@similarweb.com,CA
"Simio Cloud, LLC",simiocloud.com,www.simiocloud.com,privacy@simiocloud.com,CA
Site Impact LLC,siteimpact.com,www.siteimpact.com,dataprivacy@siteimpact.com,CA
Skydeo Inc.,skydeo.com,skydeo.com,privacy@skydeo.com,CA
Snovio Inc,snov.io,snov.io,v.budkevych@snov.io,CA
Source Path Digital,sourcepathdigital.com,sourcepathdigital.com,privacy@sourcepathdigital.com,CA
"Sovrn, Inc.",sovrn.com,https://www.sovrn.com,privacy@sovrn.com,CA
"Sports Innovation Lab, inc.",sportsilab.com,https://www.sportsilab.com,privacy@sportsilab.com,CA
"Sprout Social, Inc.",sproutsocial.com,www.sproutsocial.com,dpo@sproutsocial.com,CA
SpyCloud Inc.,spycloud.com,www.spycloud.com,privacy@spycloud.com,CA
Statara Solutions LLC,statara.com,https://statara.com,privacy@statara.com,CA
"Steppingblocks, Inc.",steppingblocks.com,https://www.steppingblocks.com,privacy@steppingblocks.com,CA
Sterling Data Company LLC,sterling.ai,sterling.ai,privacy@sterling.ai,CA
"Strategic Data Intelligence, LLC",strategicdataintelligence.com,strategicdataintelligence.com,m.curtis@sdintelligence.com,CA
"Subgraph, Inc",subgraph.tech,https://subgraph.tech,privacy@subgraph.tech,CA
"Swarm Holdings, Inc.",theswarm.com,www.theswarm.com,privcy@theswarm.com,CA
Swoop.com Inc,swoop.com,https://swoop.com,privacyrights@swoop.com,CA
"Taboola, Inc.",taboola.com,www.taboola.com,privacy@taboola.com,CA
Tapad,experian.com,www.experian.com,CA_DROP_TAPAD@experian.com,CA
TargetSmart Communications LLC,targetsmart.com,https://targetsmart.com,privacy@targetsmart.com,CA
Tauxbe Data Inc.,tauxbe.com,www.tauxbe.com; www.natcrim.com,sourcing@tauxbe.com,CA
Teads Holding Co,outbrain.com,https://www.outbrain.com,privacy@teads.com,CA
Teads Inc,teads.com,https://www.teads.com,dpo@teads.com,CA
Telesign Corporation,telesign.com,www.telesign.com,california-opt-out@telesign.com,CA
"The Data Group, LLC",thedatagroup.com,thedatagroup.com,jhenson@thedatagroup.com,CA
THE LINEA 1 MKT SL,tl1mkt.com,https://www.tl1mkt.com,fran@tl1mkt.com,CA
The People Searchers LLC,peoplesearcher.com,http://www.peoplesearcher.com; http://www.secretinfo.org,support@peoplesearcher.com,CA
"T-Mobile USA, Inc.",t-mobile.com,https://www.t-mobile.com,mmp-privacy@t-mobile.com,CA
"Traackr, Inc.",traackr.com,https://www.traackr.com,legal@traackr.com,CA
TransUnion Digital LLC,transunion.com,www.transunion.com,privacy@transunion.com,CA
"TransUnion Interactive, Inc.",transunion.com,www.transunion.com,privacy@transunion.com,CA
"TransUnion Risk and Alternative Data Solutions, Inc.",transunion.com,www.transunion.com,privacy@transunion.com,CA
"Trestle Solutions, Inc.",trestleiq.com,trestleiq.com,privacy@trestleiq.com,CA
True Blue Analytics LLC,trueblueanalytics.org,trueblueanalytics.org,Privacy@trueblueanalytics.org,CA
"TRUSTID, Inc.",transunion.com,www.transunion.com,ns_privacy@transunion.com,CA
Truth Now LLC,checksecrets.com,checksecrets.com; peoplesearchUSA.org; inmatesearcher.com; sealedrecords.net,support@checksecrets.com,CA
"Truthed, Inc",truthed.com,https://www.truthed.com,anita@truthed.com,CA
"TSG Holdco, LLC",finthrive.com,www.finthrive.com,tsg@finthrive.com,CA
"Tunnl, LLC",tunnldata.com,tunnldata.com,notice@tunnldata.com,CA
"UNMASK, LLC",unmask.com,unmask.com,compliance@unmask.com,CA
Uplead LLC,uplead.com,www.uplead.com,techteam@uplead.com,CA
UPS Capital Corporation,upscapital.com,upscapital.com; insureshield.com,upscprivacyinfosec@ups.com,CA
US Data Corporation,usdatacorporation.com,www.usdatacorporation.com,privacy@usdatacorporation.com,CA
"USPeopleSearch.com, LLC",uspeoplesearch.com,uspeoplesearch.com,compliance@uspeoplesearch.com,CA
Veeva Systems Inc.,veeva.com,veeva.com,privacy@veeva.com,CA
VentiveIQ LLC,ventiveiq.com,ventiveiq.com,privacy@ventiveiq.com,CA
"Veraset, LLC",veraset.com,https://www.veraset.com,tax@veraset.com,CA
"Vi Technologies, Inc.",vi.co,vi.co,privacy@vi.co,CA
"VideoAmp, Inc.",videoamp.com,www.videoamp.com,privacy@videoamp.com,CA
VisitIQ LLC,visitiq.io,visitiq.io,james.dunay@visitiq.io,CA
Vistar Media Inc.,vistarmedia.com,https://www.vistarmedia.com,privacy@vistarmedia.com,CA
Visual Visitor L.L.C.,visualvisitor.com,visualvisitor.com,privacy@visualvisitor.com,CA
"VIZIO Services, LLC",vizio.com,vizio.com; https://www.inscape.tv,privacy@vizio.com,CA
VRTCAL Markets Inc.,vrtcal.com,www.vrtcal.com,privacy@vrtcal.com,CA
"Warmly, Inc.",warmly.ai,warmly.ai,privacy@warmly.ai,CA
We Inform LLC,weinform.org,www.weinform.org; www.truthrecord.org,support@weinform.org,CA
"WealthFeed, Inc.",wealthfeed.com,www.wealthfeed.com,sam@wealthfeed.com,CA
"Webbula, LLC",webbula.com,www.webbula.com,legal@webbula.com,CA
West Publishing Corp,thomsonreuters.com,https://www.thomsonreuters.com,privacy.enquiries@thomsonreuters.com,CA
"Whitepages, Inc",whitepages.com,https://www.whitepages.com,legal@whitepages.com,CA
"Wiland, Inc.",wiland.com,www.wiland.com,privacy@wiland.com,CA
"Windfall Data, Inc.",windfall.com,www.windfall.com,privacy@windfall.com,CA
"Wiza, Inc.",wiza.com,www.wiza.com,harrison@wiza.com,CA
Xcelerated Data LLC,xcelerated.com,xcelerated.com,privacy@xcelerated.com,CA
"Yieldmo, Inc.",yieldmo.com,https://yieldmo.com,privacy@yieldmo.com,CA
ZeroToOne.AI Inc.,zerotoone.ai,https://www.zerotoone.ai,legal@zerotoone.ai,CA
Zeta Global,zetaglobal.com,www.zetaglobal.com,privacy@zetaglobal.com,CA
"ZS Associates, Inc.",zs.com,www.zs.com,dataprivacy@zs.com,CA
Subdirect LLC,www360mediadirect.com,www360mediadirect.com,privacy@360mediadirect.com,CA
"Above Data, Inc.",abovedata.io,abovedata.io,privacy@abovedata.io,CA
"ActivImpact, LLC",activimpact.ai,activimpact.ai,privacy@activimpact.ai,CA
Onfocus SAS,adagio.io,https://adagio.io,dpo@adagio.io,CA
Viant US LLC,viantinc.com,www.viantinc.com,privacy@viantinc.com,CA
Adprime Media LLC,adprime.com,https://www.adprime.com,privacy@adprime.com,CA
Adttribution Inc,adttribution.com,www.adttribution.com,hello@adttrbution.com,CA
"Project Affinity, Inc.",affinity.co,affinity.co,privacy@affinity.co,CA
"NEXT WAVE MARKETING STRATEGIES, INC",agedleadstore.com,agedleadstore.com; nextwavemarketingstrategies.com,privacy_requests@nextwavemarketingstrategies.com,CA
The Alesco Group LLC,alescodata.com,www.alescodata.com,legal@alescodata.com,CA
AlikeAudience Inc,alikeaudience.com,alikeaudience.com,privacy@alikeaudience.com,CA
"Allant Group, LLC",allantgroup.com,https://allantgroup.com,privacy@allantgroup.com,CA
Tagis Inc,amplemarket.com,amplemarket.com,legal@amplemarket.com,CA
"Anteriad, LLC",anteriad.com,www.anteriad.com,privacy@anteriad.com,CA
"Zenleads, Inc.",apollo.io,https://www.apollo.io,dpo@apollo.io,CA
Astoria Company,astoriacompany.com,https://astoriacompany.com,bizdev@astoriacompany.com,CA
Hunt Club Inc,exploreatlas.io,https://app.exploreatlas.io,scott@huntclub.com,CA
Unearth Campaigns LLC,unearthcampaigns.com,www.unearthcampaigns.com; www.atlasinfluence.com,privacy@unearthcampaigns.com,CA
Audience Acuity LLC,audienceacuity.com,audienceacuity.com,privacy@audienceacuity.com,CA
Audience Mix LLC,audiencemix.net,audiencemix.net,privacy@audiencemix.net,CA
"Predictive Pop, Inc.",audigent.com,https://www.audigent.com,CA_DROP_Audigent@experian.com,CA
"Bachmanity, Inc.",aviato.co,aviato.co,privacy@aviato.co,CA
"Azira, LLC",azira.com,www.azira.com,privacy@azira.com,CA
EquiMine Inc.,batchleads.io,www.batchleads.io,ops@equimine.com,CA
BB Direct Inc,bbdirect.com,https://www.bbdirect.com,melodyrongstad@bbdirect.com,CA
Voxtur Data Services,benutech.com,www.benutech.com,chad.brown@benutech.com,CA
Biointelli Corporation,biointelli.com,www.biointelli.com,privacy@biointelli.net,CA
"Solar Connect, LLC",bluefireleads.com,bluefireleads.com; homeupgradepros.us; americanroofers.org; homeupgradepros.net; homeupgradeprofessionals.us; xpertroofers.com; homeupgradepros.org; homeupgradepros.io; homeupgradeprofessionals.net; kwikac.com; homeupgradeprofessionals.com; kwiksiding.com; kwik-kitchen.com; upgradepros.services; betterhousenow.com; kwikroofs.com,dev@bluefireleads.com,CA
Gigabite Inc,boam.ai,https://boam.ai,privacy@boam.com,CA
A Direct Marketing Inc,bookyourdata.com,https://www.bookyourdata.com,data@bookyourdata.com,CA
Crimson Hexagon,brandwatch.com,www.brandwatch.com,dpo@cision.com,CA
"OWMN, LTD.",thebridgecorp.com,www.thebridgecorp.com,privacy@thebridgecorp.com,CA
J2 Global Canada Inc.,campaigner.com,https://www.campaigner.com; https://www.smtp.com,privacy@ziffdavis.com,CA
"Guidestar Direct, Corp.",carneydirect.com,www.carneydirect.com,privacy@carneydirect.com,CA
Pludo Inc,cashmereai.com,cashmereai.com,farbod@cashmereai.com,CA
Catalina Marketing Corporation,catalina.com,www.catalina.com,privacyteam@catalina.com,CA
"CB Information Services, Inc.",cbinsights.com,www.cbinsights.com,privacy@cbinsights.com,CA
"CDK Global, LLC",cdkglobal.com,cdkglobal.com,james.kinzer@cdk.com,CA
"Rushmore Labs, LLC",rushmorelabs.com,https://rushmorelabs.com; https://www.censaianalytics.com,privacy@rushmorelabs.com,CA
"Censia, Inc.",censia.com,www.censia.com,support@censia.com,CA
"Chartboost, LLC",loopme.com,www.loopme.com,privacy@loopme.com,CA
"Elevar, LLC",getelevar.com,getelevar.com,privacy@getelevar.com,CA
"MV Digital Group, LLC",cinqdi.com,www.cinqdi.com,support@cinqdi.com,CA
Cision,cision.com,https://www.cision.com,dpo@cision.com,CA
CITYDATA Inc.,citydata.ai,https://citydata.ai,business@citydata.ai,CA
Claritas LLC,claritas.com,www.claritas.com,rhonda.rich@claritas.com,CA
Clarivate,clarivate.com,www.clarivate.com,drgdsr@clarivate.com,CA
"ClearCompany, LLC",clearcompany.com,clearcompany.com,privacy@clearcompany.com,CA
Clickagy LLC,clickagy.com,Clickagy.com,privacy@clickagy.com,CA
"Summit Resources, LLC",clientcommand.com,clientcommand.com,legal@clientcommand.com,CA
Cognism,cognism.com,www.cognism.com,privacy@cognism.com,CA
eContext.ai LLC,complementics.com,https://complementics.com,akatavic@econtext.ai,CA
Complete Mailing Lists LLC,completemailinglists.com,www.completemailinglists.com,ewoolf@CompleteMailingLists.com,CA
"Comscore, Inc",comscore.com,www.comscore.com,privacy@comscore.com,CA
"Crunchbase, Inc.",crunchbase.com,crunchbase.com,legal@crunchbase.com,CA
"Mississippi Tornado Alley, LLC",advancedbackgroundchecks.com,AdvancedBackgroundChecks.com; CyberBackgroundChecks.com; FastBackgroundCheck.com; FastPeopleSearch.com; PeopleSearchNow.com; Phonebooks.com; SearchPeopleFree.com; SmartBackgroundChecks.com; USA-People-Search.com; USPhoneBook.com,privacy@mtalley.zendesk.com,CA
Data Axle Inc.,data-axle.com,https://www.data-axle.com,privacyteam@data-axle.com,CA
Data Decisions Group,datadecisionsgroup.com,www.datadecisionsgroup.com,privacy@datadecisionsgroup.com,CA
"DT Client Services, LLC",thedatatrust.com,www.thedatatrust.com,info@thedatatrust.com,CA
Datadesk Inc.,datadesk.io,www.datadesk.io,privacy@datadesk.io,CA
"Task Genie, Inc.",datalane.com,datalane.com,admin@datalane.com,CA
Dataman Group Inc,datamangroup.com,www.datamangroup.com,dale@datamangroup.com,CA
Datanyze LLC,datanyze.com,www.datanyze.com,privacy@datanyze.com,CA
"Data Partners, Inc.",datapartners.com,www.datapartners.com,info@datapartners.com,CA
"Datasys Group, Inc.",datasys.com,datasys.com,seth.lubin@datasys.com,CA
Date Detective Inc,date-detective.app,https://www.date-detective.app; https://www.date-detective.com,info@date-detective.app,CA
DealMachine Operations Inc.,dealmachine.com,dealmachine.com,support@dealmachine.com,CA
Decide Technologies Inc.,decide.co,https://decide.co,privacy@decide.co,CA
DecisionLinks LLC,decisionlinks.com,www.decisionlinks.com,support@decisionlinks.com,CA
"Compact Information Systems, LLC",deepsync.com,https://deepsync.com,privacy.compliance@deepsync.com,CA
Monocl AB,monocl.com,account.monocl.com; https://www.definitivehc.com,monocldrop@definitivehc.com,CA
Populi LLC,definitivehc.com,https://www.definitivehc.com,populidrop@definitivehc.com,CA
"Demand Science US, LLC",demandscience.com,demandscience.com,legal@demandscience.com,CA
Qualfon,qualfon.com,www.qualfon.com,consumerprivacy@qualfon.com,CA
"Dice Career Solutions, Inc.",dice.com,https://www.dice.com,support@dice.com,CA
Digital Viking Media Inc,digitalvikingmedia.com,www.digitalvikingmedia.com,privacy@digitalvikingmedia.com,CA
Disqus,disqus.com,Disqus.com,privacy@disqus.com,CA
Innovation Brands Corp,proxima.ai,www.proxima.ai,privacy@proxima.ai,CA
"DonorBase, Inc.",donorbase.com,www.donorbase.com,doba_privacy@donorbase.com,CA
DonorBureau LLC,donorbureau.com,https://donorbureau.com,CCPA@donorbureau.com,CA
Dresden Direct inc.,dresdendirect.com,http://dresdendirect.com,phil@dresdendirect.com,CA
"NetWise Data, LLC",netwisedata.com,https://www.netwisedata.com,privacyofficer@dnb.com,CA
Dun and Bradstreet Inc.,dnb.com,dnb.com,privacyofficer@dnb.com,CA
"Lightcast, LLC",lightcast.io,lightcast.io; rhetorik.com,privacy@lightcast.io,CA
"Endgame Labs, Inc.",endgame.io,endgame.io,info@endgame.io,CA
Enlyft Inc.,enlyft.com,https://enlyft.com,chirag@enlyft.com,CA
"Vertical Int, Inc.",enrichlayer.com,www.enrichlayer.com,privacy@enrichlayer.com,CA
"ListsOnline.com, Inc.",everleads.com,https://www.everleads.com,privacy@everleads.com,CA
"EverView HoldCo, Inc",evertrue.com,www.evertrue.com,privacy@evertrue.com,CA
Exa Labs Inc.,exa.ai,exa.ai,compliance@exa.ai,CA
"Exact Opco, LLC",exactcustomer.com,www.exactcustomer.com,info@exactcustomer.com,CA
"Consumerbase, LLC",exactdata.com,https://www.exactdata.com,privacy@exactdata.com,CA
"BuyersRoad, Inc",experience.com,experience.com,privacy@experience.com,CA
Explorium Inc.,explorium.ai,www.explorium.ai,contact@explorium.ai,CA
Fifty Technology Ltd,fifty.io,https://fifty.io,privacy@fifty.io,CA
"Peoplefinders, LLC",peoplefinders.com,peoplefinders.com; findaneighborhood.com,customercare@peoplefinders.com,CA
"AdvisorTarget, LLC",finsum.com,www.finsum.com,privacy@broadridge.com,CA
"First Direct, Inc.",firstdirectmarketing.com,firstdirectmarketing.com; nationallistcounts.com,privacy@firstdirectmarketing.com,CA
First Orion Corp,firstorion.com,firstorion.com,snichols@firstorion.com,CA
"Home Contractors Review, LLC",fivestarrated.com,www.fivestarrated.com,operations@ignitevisibility.com,CA
"Focus USA, Inc.",focus-usa.com,focus-usa.com,michaelu@focus-usa.com,CA
DealerDirect LLC,forddirect.com,www.forddirect.com,dprivacy@forddirect.com,CA
"FourthWall Media, Inc.",fourthwall.tv,www.fourthwall.tv,californiadrop@fourthwall.tv,CA
J2 Martech Corp,fullcontact.com,https://www.fullcontact.com,privacy@fullcontact.com,CA
"Randall-Reilly, LLC",fusable.com,fusable.com,privacy@fusable.com,CA
Virtual Marketing LLC,fusion92.com,https://www.fusion92.com,databroker@fusion92.com,CA
LeadCrunch,getrev.ai,getrev.ai,privacy@getrev.ai,CA
"Great Lakes List, Inc.",greatlakeslists.com,www.greatlakeslists.com,ccpa@greatlakeslists.com,CA
"xAd, Inc.",groundtruth.com,www.groundtruth.com,legal@groundtruth.com,CA
Healthcare Inc,healthcare.com,https://www.healthcare.com; https://www.pivothealth.com,security@healthcare.com,CA
HealthLink Dimensions,healthlinkdimensions.com,healthlinkdimensions.com,privacy@healthlinkdimensions.com,CA
Heartbeat.AI Inc,heartbeat.ai,www.heartbeat.ai,contact@heartbeat.ai,CA
Carry Technologies Inc.,hightouch.com,hightouch.com,legal@hightouch.com,CA
"HireTeamMate, Inc.",hireez.com,https://www.hireez.com,privacy@hireez.com,CA
ID5 Technology Ltd,id5.io,https://id5.io,privacy@id5.io,CA
"Integrated Direct Marketing, LLC",us.com,idm.us.com,ccpa@idm.us.com,CA
illumin Inc.,illumin.com,http://www.illumin.com,itops@illumin.com,CA
"Inbound Insight, LLC",inboundinsight.com,inboundinsight.com,privacy@inboundinsight.com,CA
"TechTarget, Inc",informatechtarget.com,www.informatechtarget.com; https://www.techtarget.com,privacy@techtarget.com,CA
"InfoPay, Inc",infopay.com,infopay.com; infotracer.com; propertychecker.com; goodcar.com; statecourts.org; courtcasefinder.com; thepublicindex.org; entitycheck.com; sentinex.org; idstrong.com; courtrecords.us; staterecords.org; recordsfinder.com,compliance@infopay.com,CA
Lead Intelligence Inc.,infutor.com,https://infutor.com,privacy@infutor.com,CA
"InMarket Media, LLC",inmarket.com,www.inmarket.com,jknapp@inmarket.com,CA
Instant Checkmate LLC,instantcheckmate.com,www.instantcheckmate.com; www.cellphonedirectory.com; www.cheaterslie.com; www.freepeople-search.com,tara.buck@peopleconnect.us,CA
"Foo Monk, LLC",instantly.ai,instantly.ai,privacy@instantly.ai,CA
"Intelius, LLC",intelius.com,www.intelius.com; www.ussearch.com; www.pro.ussearch.com; www.arrestrecordsearch.com; www.criminalrecords.com; www.peoplefinder.com; www.peoplefind.com; www.telephonenumberlookups.com; www.reversephonelookup.com; www.brbpub.com; www.callercomplaints.com; www.courtreference.com; www.easybackgroundchecks.com; www.freebackgroundchecksusa.com; www.onlinesearches.com; www.snoopstation.com; www.zabasearch.com; www.addresses.com; www.publicrecords.com; www.publicrecords.onlinesearches.com; www.peoplelookup.com; www.publicrecords360.com,legal@intelius.com,CA
JDM LIST SERVICES,jdmlistservices.com,www.jdmlistservices.com,chrissy@jdmlistservices.com,CA
"JMR Media Consulting, Inc.",jmr-media.com,https://www.jmr-media.com,jon@jmr-media.com,CA
"Intalytics, Inc.",intalytics.com,Intalytics.com,privacy@kalibrate.com,CA
KB Synergy Inc,kbsynergy.com,kbsynergy.com,info@kbsynergy.com,CA
Key Marketing Advantage,keymarketingadvantage.com,www.keymarketingadvantage.com,lbridson@keymarketingadvantage.com,CA
Scalable Commerce LLC,kidslivesafe.com,kidslivesafe.com; quickpublicrecords.com,privacyinfo@kidslivesafe.com,CA
iWave Information Systems,kindsight.io,https://www.kindsight.io,privacy+california@iwave.com,CA
"Komodo Health, Inc.",komodohealth.com,https://www.komodohealth.com,trust-and-safety@komodohealth.com,CA
Kontext Data,kontextdata.com,kontextdata.com,info@kontextdata.com,CA
"Labels & Lists, Inc",l2-data.com,https://www.l2-data.com,lauren.pembo@l2political.com,CA
LEAD ENHANCE LLC,lead-enhance.com,www.lead-enhance.com,josh@lead-enhance.com,CA
Lead Me Media LLC,leadmemedia.com,leadmemedia.com,californiaregistry@leadmemedia.com,CA
Lead411 Corporation,lead411.com,lead411.com; growjo.com; quickenrich.io,tom@lead411.io,CA
"Property Reach, L.P.",propertyreach.com,propertyreach.com; leadsherpa.com,compliance@propertyreach.com,CA
RELX Inc.,lexisnexis.com,www.lexisnexis.com,privacy.inquiries@lexisnexis.com,CA
"Blue Hill Marketing Solutions, Inc",liftbasedata.com,www.liftbasedata.com; www.liftengine.com; www.launchpadltv.com,Dataprivacy@liftbasedata.com,CA
"LightBox Parent, L.P.",lightboxre.com,lightboxre.com,jfranks@lightboxre.com,CA
Nachal Inc.,getliminal.com,www.getliminal.com,privacy@getliminal.com,CA
"LionShare Marketing, Inc",lionsharemarketing.com,www.lionsharemarketing.com,ap@lionsharemarketing.com,CA
LoopMe Limited,loopme.com,loopme.com,legal@loopme.com,CA
"Lusha Systems, Inc",lusha.com,www.lusha.com,legal@lusha.com,CA
"M&R Strategic Services, Inc.",mrss.com,www.mrss.com,Privacy@mrss.com,CA
"Madhive, Inc.",madhive.com,https://www.madhive.com,privacy@madhive.com,CA
"Infinite Media Concepts, Inc.",mailinglists.com,mailinglists.com,unsubscribe@mailinglists.com,CA
"MaxMind, Inc.",maxmind.com,https://www.maxmind.com,tgonzalez@maxmind.com,CA
"MedPro Systems, LLC",medprosystems.com,https://www.medprosystems.com,privacy@medprosystems.com,CA
Melissa Data Corporation,melissa.com,www.melissa.com,compliance@melissa.com,CA
Milestone Marketing Solutions,milestonemarketingsolutions.com,www.milestonemarketingsolutions.com,accounting@milestonemarketingsolutions.com,CA
Minerva BI Inc,minerva.io,www.minerva.io,privacy@minerva.io,CA
Anne Lewis Strategies LLC,missionwired.com,www.missionwired.com,info@missionwired.com,CA
Online Media Group Inc.,omginc.xyz,www.omginc.xyz; www.mixrank.com,privacy@omginc.xyz,CA
MobileFuse LLC,mobilefuse.com,https://mobilefuse.com,danb@mobilefuse.com,CA
"Mobilewalla, Inc.",mobilewalla.com,www.mobilewalla.com,jclark@mobilewalla.com,CA
R.L. Polk & Co.,mobilityglobal.com,www.mobilityglobal.com; www.spglobal.com,privacy@mobilityglobal.com,CA
ModFx Labs Pvt Ltd,modfxlabs.com,www.modfxlabs.com,mandeep@modfxlabs.com,CA
Modigie Inc,modigie.com,www.modigie.com,dpauli@modigie.com,CA
"Ownco, LLC",monitorbase.com,https://www.monitorbase.com,privacy@monitorbase.com,CA
"Apollo Interactive, LLC",apollointeractive.com,apollointeractive.com; http://mortgageratespro.com; http://online-mortgage-loans.com; http://final-expense-quotes.com; http://greatlifeinsurancegroup.com; http://lifeinsurancepro.org; http://nationalhomequotes.com; http://bestautoinsurance.com; http://blueskycoverage.com; http://nationalautoquotes.com; http://affordablehealthquotesforyou.com; http://online-health-insurance.com; http://healthplansamerica.org; http://medicarecoveragefinder.com; http://medicareinfo.org; http://medicare-providers.net; http://direct-mortgage-quotes.com; http://insuranceplanmarket.com; http://petinsurancemarket.com; http://autopolicymarket.com; http://healthplanmarket.com; http://yourpolicyguide.com; http://medicaremarket.com; http://medicareplan.net,deatherage@apollointeractive.com,CA
"MULTIMEDIA LISTS, INC.",multimedialists.com,www.multimedialists.com,daniel@multimedialists.com,CA
Definitive Healthcare LLC,definitivehc.com,https://www.definitivehc.com,privacy@definitivehc.com,CA
Networx Systems Inc.,networx.com,www.networx.com,amyl@networx.com,CA
"NextRoll, Inc.",nextroll.com,www.nextroll.com,legal@nextroll.com,CA
"NFocus Consulting, Inc.",n-focus.com,www.n-focus.com,consumer@n-focus.com,CA
"eXelate, Inc.",nielsen.com,www.nielsen.com,privacy.department@nielsen.com,CA
"The Nielsen Company, LLC",nielsen.com,www.nielsen.com,nielsenprivacy@nielsen.com,CA
"Consumer Canvas, LLC",consumercanvas.net,www.consumercanvas.net,privacy@consumercanvas.net,CA
"FinThrive Healthcare, Inc.",finthrive.com,www.finthrive.com,tuhc@finthrive.com,CA
"ExlService.com, LLC",exlservice.com,exlservice.com,privacy@exlservice.com,CA
Online Advertising Network sp. z o.o.,oan.pl,https://www.oan.pl; https://ai.oan.pl,privacy@oan.pl,CA
Ocean Global Inc,ocean.io,ocean.io,kny@ocean.io,CA
Mobile Technology Corporation,onspotdata.com,www.onspotdata.com,accounting@onspotdata.com,CA
Opensend Inc,opensend.com,opensend.com,privacy@opensend.com,CA
Optable Technologies US Inc.,optable.co,www.optable.co,legal@optable.co,CA
Outward Media Inc.,outwardmedia.com,https://outwardmedia.com,privacy@outwardmedia.com,CA
Pacific East Research Inc,pacificeast.com,www.pacificeast.com,privacy@pacificeast.com,CA
"Paramount Lists, Inc.",paramountdirectmarketing.com,www.paramountdirectmarketing.com,ccpa@paramountdirectmarketing.com,CA
"Path2Response, LLC",path2response.com,www.path2response.com,privacyinfo@path2response.com,CA
"Knowledge Works, Inc.",paynetonline.com,sbinsights.paynetonline.com,usprivacy@equifax.com,CA
"Pen-Link, Ltd.",penlink.com,www.penlink.com,privacy@penlink.com,CA
Hivestack Technologies Inc.,perion.com,www.perion.com,privacy@hivestack.com,CA
Command Precision Inc.,persistent.id,Persistent.id,privacy@persistent.id,CA
PeoplefindersDaaS,peoplefindersdaas.com,www.peoplefindersdaas.com,bryce@peoplefindersdaas.com,CA
Datamentors LLC,porchgroupmedia.com,www.porchgroupmedia.com,lchiodo@porchgroupmedia.com,CA
"PlaceIQ, Inc.",precisely.com,www.precisely.com,placeiq.privacy@precisely.com,CA
Plug Chargers LLC,plug-industries.com,www.plug-industries.com,blakehogan@plug-industries.com,CA
"Plunge, LLC",plungedigital.com,www.plungedigital.com,privacy@plungedigital.com,CA
Podible Inc,podscribe.com,www.podscribe.com,privacy@podscribe.com,CA
"Pop Acta Media, LLC",popacta.com,www.popacta.com,legal@popacta.com,CA
Precisely Software Incorporated,precisely.com,www.precisely.com; www.cloud.precisely.com; www.cloudnative.precisely.com; www.data.precisely.com; www.developer.precisely.com; www.geotax.com; www.mapinfomarketplace.precisely.com; www.portal.spectrum.precisely.com,privacy@precisely.com,CA
PrivCo Holding Inc,privco.com,www.privco.com,legal@privco.com,CA
"Addapptation, Inc.",propensity.com,https://www.propensity.com,infosec@propensity.com,CA
"National Data Analytics, LLC",publicdatacheck.com,publicdatacheck.com,privacyinfo@publicdatacheck.com,CA
"Information Data Resources, LLC",publicinfoservices.com,publicinfoservices.com,privacyinfo@publicinfoservices.com,CA
BIGDBM,bigdbm.com,https://bigdbm.com; https://optout.bigdbm.com,privacy@bigdbm.com,CA
"PulsePoint, Inc.",pulsepoint.com,www.pulsepoint.com,dataprivacy@pulsepoint.com,CA
"Quad Graphics, Inc.",quad.com,www.quad.com,DataBroker@quad.com,CA
RampedUp,rampedup.io,rampedup.io,privacy@rampedup.io,CA
"Ray CDP, Inc.",rayinsights.com,www.rayinsights.com; www.raycdp.com,ddemarsh@rayinsights.com,CA
Globicom Inc,recordsfinder.com,https://recordsfinder.com; https://peoplepublicrecords.org,aregsakanyan@gmail.com,CA
Redmob LLC,redmob.io,www.redmob.io,privacy@redmob.io,CA
Reklaim Ltd.,reklaimyours.com,www.reklaimyours.com,finance@reklaimyours.com,CA
GETEMAILS LLC,retention.com,www.retention.com; www.rb2b.com,support@retention.com,CA
"RevenueBase, Inc",revenuebase.ai,revenuebase.ai,privacy@revenuebase.ai,CA
"ReallyGreatRate, Inc",rgrmarketing.com,www.rgrmarketing.com,drop@rgrmarketing.com,CA
"ROR Partners, LLC",rorpartners.com,rorpartners.com,privacy@rorpartners.com,CA
S&P Global Inc,spglobal.com,https://www.spglobal.com,privacy@spglobal.com,CA
Sabio Inc,sabioctv.com,https://www.sabioctv.com,privacy@sabio.inc,CA
"Aniline, Inc.",aniline.ai,www.aniline.ai; www.salesassistiq.ai,jen@aniline.io,CA
SciLeads Ltd,scileads.com,https://scileads.com,privacy@scileads.com,CA
"Seamless Contacts, Inc.",seamless.ai,https://www.seamless.ai,privacy@seamlessleads.com,CA
"Civil Data Research, LLC",searchpublicrecords.com,searchpublicrecords.com,privacyinfo@searchpublicrecords.com,CA
"ZipStorm, Inc.",seekout.com,www.seekout.com,legal@seekout.com,CA
Semasio GmbH,semasio.com,www.semasio.com,info@semasio.com,CA
The Segerdahl LLC,sg360.com,www.sg360.com,charlesg@sg360.com,CA
Predactiv,predactiv.com,www.predactiv.com,privacy@predactiv.com,CA
"SheerID, Inc.",sheerid.com,https://www.sheerid.com,privacy@sheerid.com,CA
"Slashdot Media, LLC",slashdotmedia.com,www.slashdotmedia.com; www.sourceforge.net; www.slashdot.org; www.voipreview.org; www.linuxjournal.com; www.myrateplan.com; Wirefly.com,roger.abbott@slashdotmedia.com,CA
SMARTe Inc,smarte.pro,www.smarte.pro,privacy@smarteprivacy.com,CA
"Social Catfish, LLC",socialcatfish.com,https://socialcatfish.com,david@socialcatfish.com,CA
"Effyis, Inc.",socialgist.ai,www.socialgist.ai,cwolfe@socialgist.com,CA
"Sojern, Inc",sojern.com,https://www.sojern.com,sojernlegal@sojern.com,CA
Connection Holdings,connectionholdings.com,connectionholdings.com,amanda@connectionholdings.com,CA
"Specialists Marketing Services, Inc.",sms-inc.com,www.sms-inc.com,dataprivacyteam@sms-inc.com,CA
Speedeon Data LLC,speedeondata.com,https://speedeondata.com,accounting@speedeondata.com,CA
"Spokeo, Inc.",spokeo.com,www.spokeo.com; www.freepeopledirectory.com; www.thatsthem.com; www.peoplewin.com; www.anywho.com; www.family.me,jmatthes@spokeo.com,CA
"Spy Labs AdCo, LLC",spydialer.com,spydialer.com,info@spydialer.com,CA
"Digital Safety Products, LLC",spyfly.com,spyfly.com; publicrecordreports.com,privacyinfo@spyfly.com,CA
StackAdapt Inc.,stackadapt.com,stackadapt.com,privacy@stackadapt.com,CA
"Intermedia Ventures, LLC",staterecords.org,staterecords.org; courtrecords.us; californiacourtrecords.us,compliance@intermedia.team,CA
StatSocial,statsocial.com,statsocial.com,privacy@statsocial.com,CA
"Stirista, LLC",stirista.com,www.stirista.com; www.lbdigitaldata.com; www.mediasourcesolutions.com; ameribase.com; www.lighthouselist.com; www.andrewswharton.com; www.listconnection.net; www.magnetik.com,info@stirista.com,CA
"Qurium Solutions, Inc.",supplier.io,www.supplier.io,dj.merino@supplier.io,CA
Swordfish AI Inc,swordfish.ai,www.swordfish.ai,contact@swordfish.ai,CA
"Orgio, Inc.",theorg.com,theorg.com,privacy@theorg.com,CA
Think Data Group Inc,thinkdatagroup.com,www.thinkdatagroup.com,barry.gold@thinkdatagroup.com,CA
Revenue Roll Inc.,meettie.com,meettie.com,info@meettie.com,CA
"Enformion, LLC",enformion.com,enformion.com; tracers.com; go.enformion.com,support@enformion.com,CA
Trans Union LLC,transunion.com,www.transunion.com,privacy@transunion.com,CA
"TripleLift, Inc.",triplelift.com,triplelift.com,privacy@triplelift.com,CA
"TrueData Solutions, Inc.",truedata.co,https://www.truedata.co,privacy@truedata.co,CA
"Free Data Services, LLC",truepeoplesearch.com,truepeoplesearch.com,privacy@truepeoplesearch.com,CA
"Huge Legal Technology Company, Inc",trustandwill.com,www.trustandwill.com,privacy@hugelegaltech.com,CA
"TruthFinder, LLC",truthfinder.com,www.truthfinder.com; www.courthousedirectory.us; www.getfullreport.com; www.unitedstatesbackgroundchecks.com; www.courtlocations.com; www.locaterecord.net; www.recordlocator.net; www.backgroundchecks.us,legal@peopleconnect.us,CA
"Unacast, Inc.",unacast.com,www.unacast.com,privacy@unacast.com,CA
"upcell, LLC",upcell.io,www.upcell.io,policy@upcell.io,CA
"Urban Science Applications, Inc.",urbanscience.com,https://www.urbanscience.com,USDataBroker@urbanscience.com,CA
BH Marketing Group LLC,usmarketinggrp.com,https://usmarketinggrp.com,privacy@usmarketinggrp.com,CA
"USADATA, Inc",usadata.com,https://www.usadata.com,support@usadata.com,CA
"Valassis Communications, Inc.",rrd.com,rrd.com,valassisprivacy.request@rrd.com,CA
"GetVector, Inc.",vector.co,vector.co,joshua@vector.co,CA
"Vendelux, Inc.",vendelux.com,www.vendelux.com,ben@vendelux.com,CA
"Venntel, Inc.",venntel.com,www.venntel.com,privacy@venntel.com,CA
Versar Data Solutions Inc,versium.com,www.versium.com; www.datafinder.com,privacy@versium.com,CA
"Jun Group Productions, LLC",jungroup.com,jungroup.com,ccpa@jungroup.com,CA
WINR Data Pty Ltd,winrdata.com,https://www.winrdata.com,privacyoffice@winrdata.com,CA
Wunderkind Corporation,wunderkind.co,www.wunderkind.co,legal@wunderkind.co,CA
"WURL, LLC",wurl.com,https://www.wurl.com,dataprotection@wurl.com,CA
PubMatic Inc.,pubmatic.com,https://pubmatic.com,privacy@pubmatic.com,CA
"Yobi Ventures, Inc.",yobi.ai,www.yobi.ai,privacy@yobi.ai,CA
Ziff Davis LLC,ziffdavis.com,https://www.ziffdavis.com,legal@ziffdavis.com,CA
"ZoomInfo Technologies, LLC",zoominfo.com,www.zoominfo.com,privacy@zoominfo.com,CA
